Id,FullName,Birthdate,Address
7244,Tammy Harding,17/08/99,Ciudad
5303,Joseph Gonzalez,11/07/03,Ciudad
3093,John Weaver,30/06/12,Ciudad
2263,Danielle Rush,27/04/21,Ciudad
4504,Tammy Harding,10/07/61,Ciudad
8648,Mr. Fernando Arnold,13/07/97,Ciudad
5526,Danielle Rush,31/05/62,Ciudad
9654,John Weaver,22/06/74,Ciudad
5594,Justin Hayden,11/06/03,Ciudad
9314,Cheryl Griffin,19/05/82,Ciudad
4572,Tammy Harding,30/08/64,Ciudad
6185,Justin Hayden,14/04/92,Ciudad
1073,Bill Diaz,4/10/69,Ciudad
8880,Cheryl Griffin,8/04/71,Ciudad
7258,Patricia Webster PhD,28/12/85,Ciudad
5868,Mr. Fernando Arnold,13/07/80,Palencia
8548,James Hart DDS,2/03/91,Palencia
2974,Tammy Harding,31/03/18,Palencia
5446,Mr. Fernando Arnold,12/08/69,Palencia
7351,John Weaver,4/01/01,Palencia
3113,Michelle Levy,19/04/88,Palencia
9728,James Hart DDS,5/08/79,Palencia
1231,Michelle Levy,19/07/79,Palencia
3860,Joseph Gonzalez,31/05/96,Villa Nueva
5576,James Hart DDS,2/04/77,Villa Nueva
7352,Vanessa Gallegos,18/05/65,Villa Nueva
9343,Vanessa Gallegos,22/03/84,Villa Nueva
6256,Tammy Harding,31/05/82,Villa Nueva
7257,Bill Diaz,17/01/61,Villa Nueva
5398,Vanessa Gallegos,25/05/90,Petapa
7390,Tammy Harding,5/04/02,Petapa
8787,James Hart DDS,9/12/72,Petapa
8729,John Weaver,20/09/18,Petapa
5759,Roberto Moya,30/11/90,Coban
1408,Vanessa Gallegos,3/11/14,Petapa
7491,Bill Diaz,18/09/06,Petapa
9046,Vanessa Gallegos,20/11/15,Petapa
5545,Bill Diaz,29/12/92,Petapa
1094,Joseph Gonzalez,28/05/19,Coban
5344,Patricia Webster PhD,7/10/03,Coban
2375,Bill Diaz,1/06/11,Coban
8616,John Weaver,30/06/89,Coban
2825,Bill Diaz,27/10/92,Coban
2654,Patricia Webster PhD,30/12/76,Coban
6338,Michelle Levy,26/02/89,Coban
9174,Michelle Levy,4/08/70,Coban
7811,Amy Baker,9/09/99,Coban
7597,John Weaver,6/09/79,Coban
6896,Amy Baker,2/11/73,El Fiscal 